Calendar_Date,ID,Track_Direction,Line,Branch,Track_Name,Location_Description,Loc_GTFS_Stop_ID,Location_Type,Direction_Sort,Restriction_Status,Date_Restriction_Reported,Date_Restriction_Cleared,Restriction_Speed_MPH,Restriction_Reason,Restriction_Distance_Feet,Restriction_Distance_Miles,Line_Restricted_Track_Pct,Line_Total_Track_Miles,Systemwide_Restricted_Track_Pct,Systemwide_Total_Track_Miles,SR_Restriction_Distance_Span,Restriction_Path,Restriction_Days_Active_On_Calendar_Day,Restriction_Days_to_Clear,Daily_Restriction_Count_Start,Month_Restriction_Count_Start,Restriction_Count_New,Restriction_Count_Cleared,Month_Restriction_Count_End,Daily_Restriction_Count_End
2024-10-05,568578,NB,Orange Line,Orange Line,OL NB,NB Stony Brook to Jackson Sq.,place-sbmnl | place-jaksn,Between Stations,OLNB-06,Active Restriction,2023-08-10,,25 mph,Track,600.0,0.1136363636363636,0.005041542308623,22.54,0.0008329890312004372,136.42,Single Segment,Start|End,422,,1,0,0,0,0,1
2024-03-05,000062L,NB,Orange Line,Orange Line,OL NB,NB Community College,place-ccmnl,Station,OLNB-29,Active Restriction,2024-03-01,,25 mph,Track,50.99999999999909,0.0096590909090907,0.0004285310962329519,22.54,7.08040676520359e-05,136.42,Multi-Segment,Start,4,,1,0,0,0,0,1
2024-06-10,571150,SB,Orange Line,Orange Line,OL SB,SB Sullivan Station,place-sull,Station,OLSB-09,Active Restriction,2023-08-23,,10 mph,Track,400.0,0.0757575757575757,0.0033610282057487,22.54,0.0005553260208002915,136.42,Single Segment,Start|End,292,,1,0,0,0,0,1
2024-04-08,548597,EB,Green Line,Green Line - B,GL Kenmore-Boston Col. EB,EB Griggs St Station,place-grigg,Station,GBEB-17,Active Restriction,2023-06-08,,6 mph,Track,302.9999999999987,0.0573863636363633,0.0010629072723905,53.99,0.00042065946075621897,136.42,Multi-Segment,Start,305,,1,0,0,0,0,1
2024-01-21,523870,SB,Red Line,Red Line - Braintree,RL Alewife-Braintree SB,SB Broadway to Andrew,place-brdwy | place-andrw,Between Stations,RBSB-22,Active Restriction,2023-03-09,,25 mph,Track,100.0,0.0189393939393939,0.0003994809942922156,47.41,0.00013883150520007287,136.42,Single Segment,Start|End,318,,1,0,0,0,0,1
2024-02-01,549345,WB,Green Line,Green Line - B,GL Kenmore-Boston Col. WB,WB Warren St Station,place-wrnst,Station,GBWB-21,Active Restriction,2023-06-14,,6 mph,Track,208.00000000000125,0.0393939393939396,0.0007296525170205526,53.99,0.0002887695308161533,136.42,Multi-Segment,Midpoint,232,,0,0,0,0,0,0
2024-02-11,526522,SB,Orange Line,Orange Line,OL SB,SB Oak Grove to Malden,place-ogmnl | place-mlmnl,Between Stations,OLSB-02,Active Restriction,2023-03-20,,10 mph,Track,200.0,0.0378787878787878,0.0016805141028743,22.54,0.00027766301040014574,136.42,Single Segment,Start|End,328,,1,0,0,0,0,1
2024-06-30,565480,SB,Red Line,Red Line - Braintree,RL Alewife-Braintree SB,SB Andrew to JFK,place-andrw | place-jfk,Between Stations,RBSB-24,Active Restriction,2023-08-01,,10 mph,Track,412.99999999999955,0.0782196969696968,0.0016498565064268,47.41,0.0005733741164763004,136.42,Multi-Segment,Start,334,,1,0,0,0,1,1
2024-04-24,532638,WB,Blue Line,Blue Line,BL WB,WB Beachmont to Suffolk Downs,place-bmmnl | place-sdmnl,Between Stations,BLWB-06,Active Restriction,2023-04-08,,25 mph,Track,500.0,0.0946969696969697,0.0075878982128982,12.48,0.0006941575260003644,136.42,Multi-Segment,End,382,,0,0,0,0,0,0
2024-02-28,552291,SB,Red Line,Red Line - Braintree,RL Alewife-Braintree SB,SB Quincy Adams to Braintree,place-qamnl | place-brntn,Between Stations,RBSB-34,Active Restriction,2023-06-28,,10 mph,Track,600.0,0.1136363636363636,0.0023968859657532,47.41,0.0008329890312004372,136.42,Single Segment,Start|End,245,,1,0,0,0,0,1
2024-09-13,552291,SB,Red Line,Red Line - Braintree,RL Alewife-Braintree SB,SB Quincy Adams to Braintree,place-qamnl | place-brntn,Between Stations,RBSB-34,Active Restriction,2023-06-28,,10 mph,Track,600.0,0.1136363636363636,0.0023968859657532,47.41,0.0008329890312004372,136.42,Single Segment,Start|End,443,,1,0,0,0,0,1
2024-02-27,548597,EB,Green Line,Green Line - B,GL Kenmore-Boston Col. EB,EB Griggs St Station,place-grigg,Station,GBEB-17,Active Restriction,2023-06-08,,6 mph,Track,302.9999999999987,0.0573863636363633,0.0010629072723905,53.99,0.00042065946075621897,136.42,Multi-Segment,Start,264,,1,0,0,0,0,1
2024-02-18,000048L,NB,Orange Line,Orange Line,OL NB,NB Stony Brook Station,place-sbmnl,Station,OLNB-05,Active Restriction,2023-10-20,,10 mph,Track,400.0,0.0757575757575757,0.0033610282057487,22.54,0.0005553260208002915,136.42,Multi-Segment,Start,121,,1,0,0,0,0,1
2024-10-16,000149G,EB,Green Line,Green Line - B,GL Kenmore-Boston Col. EB,EB Chestnut Hill Ave Station,place-chill,Station,GBEB-05,Active Restriction,2024-10-09,,3 mph,Track,236.9999999999976,0.0448863636363631,0.0008313829160282122,53.99,0.0003290306673241694,136.42,Multi-Segment,End,7,,0,0,0,0,0,0
2024-08-06,508520,NB,Red Line,Red Line - Braintree,RL Alewife-Braintree NB,NB JFK Station (Braintree),place-jfk,Station,RBNB-11,Active Restriction,2023-01-13,,10 mph,Track,86.00000000000136,0.016287878787879,0.0003435536550913108,47.41,0.00011939509447206456,136.42,Multi-Segment,Start,571,,1,0,0,0,0,1
2024-03-27,000024B,WB,Blue Line,Blue Line,BL WB,WB Govt Ctr. to Bowdoin,place-gover | place-bomnl,Between Stations,BLWB-22,Active Restriction,2024-02-15,,10 mph,Track,499.0000000000002,0.0945075757575758,0.0075727224164724,12.48,0.000692769210948364,136.42,Multi-Segment,Midpoint,41,,0,0,0,0,0,0
2024-03-01,524229,EB,Green Line,Green Line - C,GL Kenmore-Cleveland Cir. EB,EB St. Mary's St to Kenmore,place-smary | place-kencl,Between Stations,GCEB-26,Active Restriction,2023-03-10,,6 mph,Track,344.0000000000001,0.0651515151515151,0.0012067330089185,53.99,0.0004775803778882508,136.42,Single Segment,Start|End,357,,1,1,0,0,0,1
2024-02-21,567810,WB,Blue Line,Blue Line,BL WB,WB Orient Heights to Wood I,place-orhte | place-wimnl,Between Stations,BLWB-10,Active Restriction,2023-08-07,,25 mph,Track,500.0,0.0946969696969697,0.0075878982128982,12.48,0.0006941575260003644,136.42,Single Segment,Start|End,198,,1,0,0,0,0,1
2024-02-29,528761,WB,Green Line,Green Line - B,GL Kenmore-Boston Col. WB,WB Blandford St to BU East,place-bland | place-buest,Between Stations,GBWB-04,Active Restriction,2023-03-30,,6 mph,Track,219.0000000000001,0.0414772727272727,0.0007682399097475968,53.99,0.00030404099638815975,136.42,Multi-Segment,Start,336,,1,0,0,0,1,1
2024-03-02,000115R,NB,Red Line,Red Line - Braintree,RL Alewife-Braintree NB,NB Broadway Station,place-brdwy,Station,RBNB-15,Active Restriction,2024-01-23,,25 mph,Track,400.9999999999991,0.0759469696969695,0.0016019187871117,47.41,0.000556714335852291,136.42,Multi-Segment,End,39,,0,0,0,0,0,0
2024-03-15,567513,NB,Red Line,Red Line - Braintree,RL Alewife-Braintree NB,NB Andrew to Broadway,place-andrw | place-brdwy,Between Stations,RBNB-14,Active Restriction,2023-08-04,,10 mph,Track,900.0,0.1704545454545454,0.0035953289486299,47.41,0.0012494835468006,136.42,Single Segment,Start|End,224,,1,0,0,0,0,1
2024-07-15,555806,SB,Red Line,Red Line - Braintree,RL Alewife-Braintree SB,SB Central to Kendall,place-cntsq | place-knncl,Between Stations,RBSB-10,Active Restriction,2023-07-11,,25 mph,Track,1100.0,0.2083333333333333,0.0043942909372143,47.41,0.0015271465572008,136.42,Single Segment,Start|End,370,,1,0,0,0,0,1
2024-04-04,568654,NB,Orange Line,Orange Line,OL NB,NB North Station,place-north,Station,OLNB-27,Active Restriction,2023-08-11,,25 mph,Track,351.9999999999982,0.0666666666666663,0.0029577048210588,22.54,0.000488686898304254,136.42,Multi-Segment,Start,237,,1,0,0,0,0,1
2024-09-17,000130R,SB,Red Line,Red Line - Braintree,RL Alewife-Braintree SB,SB JFK to North Quincy,place-jfk | place-nqncy,Between Stations,RBSB-26,Active Restriction,2024-03-01,,10 mph,Track,300.0,0.0568181818181818,0.0011984429828766,47.41,0.0004164945156002186,136.42,Single Segment,Start|End,200,,1,0,0,0,0,1
2024-01-13,526504,SB,Red Line,Red Line - Braintree,RL Alewife-Braintree SB,SB Harvard to Central,place-harsq | place-cntsq,Between Stations,RBSB-08,Active Restriction,2023-03-20,,25 mph,Track,100.0,0.0189393939393939,0.0003994809942922156,47.41,0.00013883150520007287,136.42,Single Segment,Start|End,299,,1,0,0,0,0,1
2024-01-28,568653,NB,Orange Line,Orange Line,OL NB,NB Downtown Cross. Station,place-dwnxg,Station,OLNB-21,Active Restriction,2023-08-11,,10 mph,Track,400.0,0.0757575757575757,0.0033610282057487,22.54,0.0005553260208002915,136.42,Multi-Segment,Start,170,,1,0,0,0,0,1
2024-08-30,000160R,NB,Red Line,Red Line - Braintree,RL Alewife-Braintree NB,NB North Quincy to JFK,place-nqncy | place-jfk,Between Stations,RBNB-10,Active Restriction,2024-08-29,,25 mph,Track,200.0,0.0378787878787878,0.0007989619885844312,47.41,0.00027766301040014574,136.42,Single Segment,Start|End,1,,1,0,0,0,0,1
2024-03-19,564973,NB,Red Line,Red Line - Braintree,RL Alewife-Braintree NB,NB Central Station,place-cntsq,Station,RBNB-27,Active Restriction,2023-07-28,,25 mph,Track,200.9999999999991,0.0380681818181816,0.0008029567985273497,47.41,0.0002790513254521452,136.42,Multi-Segment,End,235,,0,0,0,0,0,0
2024-07-28,000130R,SB,Red Line,Red Line - Braintree,RL Alewife-Braintree SB,SB JFK to North Quincy,place-jfk | place-nqncy,Between Stations,RBSB-26,Active Restriction,2024-03-01,,10 mph,Track,300.0,0.0568181818181818,0.0011984429828766,47.41,0.0004164945156002186,136.42,Single Segment,Start|End,149,,1,0,0,0,0,1
2024-03-18,000050L,NB,Orange Line,Orange Line,OL NB,NB Community College,place-ccmnl,Station,OLNB-29,Active Restriction,2023-10-26,,25 mph,Track,58.9999999999975,0.0111742424242419,0.0004957516603479126,22.54,8.191058806803952e-05,136.42,Multi-Segment,End,144,,0,0,0,0,0,0
2024-06-03,544803,NB,Red Line,Red Line - Braintree,RL Alewife-Braintree NB,NB Wollaston to North Quincy,place-wlsta | place-nqncy,Between Stations,RBNB-08,Active Restriction,2023-05-26,,25 mph,Track,500.0,0.0946969696969697,0.001997404971461,47.41,0.0006941575260003644,136.42,Single Segment,Start|End,374,,1,0,0,0,0,1
2024-05-26,000051L,SB,Orange Line,Orange Line,OL SB,SB Comm. College Station,place-ccmnl,Station,OLSB-11,Active Restriction,2023-10-26,,25 mph,Track,157.9999999999984,0.0299242424242421,0.0013276061412707,22.54,0.00021935377821611293,136.42,Multi-Segment,Start,213,,1,0,0,0,0,1
2024-02-11,564516,SB,Red Line,Red Line - Braintree,RL Alewife-Braintree SB,SB Central to Kendall,place-cntsq | place-knncl,Between Stations,RBSB-10,Active Restriction,2023-07-27,,25 mph,Track,1300.0,0.2462121212121212,0.0051932529257988,47.41,0.0018048095676009,136.42,Single Segment,Start|End,199,,1,0,0,0,0,1
2024-04-20,532638,WB,Blue Line,Blue Line,BL WB,WB Beachmont to Suffolk Downs,place-bmmnl | place-sdmnl,Between Stations,BLWB-06,Active Restriction,2023-04-08,,25 mph,Track,500.0,0.0946969696969697,0.0075878982128982,12.48,0.0006941575260003644,136.42,Multi-Segment,End,378,,0,0,0,0,0,0
2024-02-21,524499,EB,Green Line,Green Line - C,GL Kenmore-Cleveland Cir. EB,EB St. Mary's St to Kenmore,place-smary | place-kencl,Between Stations,GCEB-26,Active Restriction,2023-03-11,,20 mph,Track,1512.0,0.2863636363636364,0.0053040125275724,53.99,0.0020991323586251,136.42,Multi-Segment,Start,347,,1,0,0,0,0,1
2024-03-04,568491,EB,Blue Line,Blue Line,BL EB,EB Airport to Wood I,place-aport | place-wimnl,Between Stations,BLEB-12,Active Restriction,2023-08-10,,25 mph,Track,400.0,0.0757575757575757,0.0060703185703185,12.48,0.0005553260208002915,136.42,Single Segment,Start|End,207,,1,0,0,0,0,1
2024-08-04,524006,NB,Red Line,Red Line - Braintree,RL Alewife-Braintree NB,NB Braintree to Quincy Adams,place-brntn | place-qamnl,Between Stations,RBNB-02,Active Restriction,2023-03-09,,25 mph,Track,1500.0,0.2840909090909091,0.0059922149143832,47.41,0.002082472578001,136.42,Single Segment,Start|End,514,,1,0,0,0,0,1
2024-06-19,000108R,NB,Red Line,Red Line - Braintree,RL Alewife-Braintree NB,NB Charles/MGH Station,place-chmnl,Station,RBNB-23,Active Restriction,2023-10-19,,10 mph,Track,300.0,0.0568181818181818,0.0011984429828766,47.41,0.0004164945156002186,136.42,Multi-Segment,Start,244,,1,0,0,0,0,1
2024-09-11,000145R,NB,Red Line,Red Line - Braintree,RL Alewife-Braintree NB,NB North Quincy to JFK,place-nqncy | place-jfk,Between Stations,RBNB-10,Active Restriction,2024-06-09,,10 mph,Track,500.0,0.0946969696969697,0.001997404971461,47.41,0.0006941575260003644,136.42,Single Segment,Start|End,94,,1,0,0,0,0,1
2024-08-05,524013,SB,Red Line,Red Line - Braintree,RL Alewife-Braintree SB,SB Quincy Adams to Braintree,place-qamnl | place-brntn,Between Stations,RBSB-34,Active Restriction,2023-03-09,,25 mph,Track,5700.0,1.0795454545454546,0.0227704166746562,47.41,0.0079133957964041,136.42,Single Segment,Start|End,515,,1,0,0,0,0,1
2024-06-20,526501,SB,Red Line,Red Line - Braintree,RL Alewife-Braintree SB,SB Harvard to Central,place-harsq | place-cntsq,Between Stations,RBSB-08,Active Restriction,2023-03-20,,25 mph,Track,800.0,0.1515151515151515,0.0031958479543377,47.41,0.0011106520416005,136.42,Single Segment,Start|End,458,,1,0,0,0,0,1
2024-08-11,564516,SB,Red Line,Red Line - Braintree,RL Alewife-Braintree SB,SB Central to Kendall,place-cntsq | place-knncl,Between Stations,RBSB-10,Active Restriction,2023-07-27,,25 mph,Track,1300.0,0.2462121212121212,0.0051932529257988,47.41,0.0018048095676009,136.42,Single Segment,Start|End,381,,1,0,0,0,0,1
2024-06-04,000047L,SB,Orange Line,Orange Line,OL SB,SB Ruggles to Roxbury Cross.,place-rugg | place-rcmnl,Between Stations,OLSB-30,Active Restriction,2023-10-20,,25 mph,Track,299.0000000000009,0.056628787878788,0.0025123685837971,22.54,0.00041510620054821914,136.42,Multi-Segment,Start,228,,1,0,0,0,0,1
2024-10-08,000048L,NB,Orange Line,Orange Line,OL NB,NB Stony Brook Station,place-sbmnl,Station,OLNB-05,Active Restriction,2023-10-20,,10 mph,Track,400.0,0.0757575757575757,0.0033610282057487,22.54,0.0005553260208002915,136.42,Multi-Segment,Start,354,,1,0,0,0,0,1
2024-01-06,567832,EB,Blue Line,Blue Line,BL EB,EB Aquarium to Maverick,place-aqucl | place-mvbcl,Between Stations,BLEB-08,Active Restriction,2023-08-07,,10 mph,Track,100.0,0.0189393939393939,0.0015175796425796,12.48,0.00013883150520007287,136.42,Multi-Segment,End,152,,0,0,0,0,0,0
2024-07-11,541773,NB,Orange Line,Orange Line,OL NB,NB Green St. to Stony Brook,place-grnst | place-sbmnl,Between Stations,OLNB-04,Active Restriction,2023-05-11,,25 mph,Track,200.0,0.0378787878787878,0.0016805141028743,22.54,0.00027766301040014574,136.42,Single Segment,Start|End,427,,1,0,0,0,0,1
2024-04-13,564973,NB,Red Line,Red Line - Braintree,RL Alewife-Braintree NB,NB Central Station,place-cntsq,Station,RBNB-27,Active Restriction,2023-07-28,,25 mph,Track,200.9999999999991,0.0380681818181816,0.0008029567985273497,47.41,0.0002790513254521452,136.42,Multi-Segment,End,260,,0,0,0,0,0,0
2024-03-22,526492,NB,Red Line,Red Line - Braintree,RL Alewife-Braintree NB,NB Quincy Adams to Quincy Center,place-qamnl | place-qnctr,Between Stations,RBNB-04,Active Restriction,2023-03-20,,25 mph,Track,100.0,0.0189393939393939,0.0003994809942922156,47.41,0.00013883150520007287,136.42,Single Segment,Start|End,368,,1,0,0,0,0,1
2024-08-12,523547,SB,Red Line,Red Line - Braintree,RL Alewife-Braintree SB,SB Quincy Adams to Braintree,place-qamnl | place-brntn,Between Stations,RBSB-34,Active Restriction,2023-03-08,,25 mph,Track,2900.0,0.5492424242424242,0.0115849488344742,47.41,0.0040261136508021,136.42,Single Segment,Start|End,523,,1,0,0,0,0,1
2024-03-31,000053L,SB,Orange Line,Orange Line,OL SB,SB Haymarket to State St.,place-haecl | place-state,Between Stations,OLSB-16,Active Restriction,2023-11-28,,10 mph,Track,900.0,0.1704545454545454,0.0075623134629345,22.54,0.0012494835468006,136.42,Single Segment,Start|End,124,,1,0,0,0,1,1
2024-04-02,000048L,NB,Orange Line,Orange Line,OL NB,NB Stony Brook to Jackson Sq.,place-sbmnl | place-jaksn,Between Stations,OLNB-06,Active Restriction,2023-10-20,,10 mph,Track,299.99999999999994,0.0568181818181818,0.0025207711543115,22.54,0.00041649451560021855,136.42,Multi-Segment,End,165,,0,0,0,0,0,0
2024-07-30,508520,NB,Red Line,Red Line - Braintree,RL Alewife-Braintree NB,NB JFK to Andrew,place-jfk | place-andrw,Between Stations,RBNB-12,Active Restriction,2023-01-13,,10 mph,Track,513.9999999999986,0.0973484848484845,0.0020533323106619,47.41,0.0007135939367283726,136.42,Multi-Segment,End,564,,0,0,0,0,0,0
2024-04-13,523990,NB,Red Line,Red Line - Braintree,RL Alewife-Braintree NB,NB Braintree to Quincy Adams,place-brntn | place-qamnl,Between Stations,RBNB-02,Active Restriction,2023-03-09,,25 mph,Track,100.0,0.0189393939393939,0.0003994809942922156,47.41,0.00013883150520007287,136.42,Single Segment,Start|End,401,,1,0,0,0,0,1
2024-09-13,000123R,SB,Red Line,Red Line - Braintree,RL Alewife-Braintree SB,SB JFK to North Quincy,place-jfk | place-nqncy,Between Stations,RBSB-26,Active Restriction,2024-02-13,,25 mph,Track,700.0,0.1325757575757575,0.0027963669600455,47.41,0.00097182053640051,136.42,Single Segment,Start|End,213,,1,0,0,0,0,1
2024-08-12,526486,NB,Red Line,Red Line - Braintree,RL Alewife-Braintree NB,NB North Quincy to JFK,place-nqncy | place-jfk,Between Stations,RBNB-10,Active Restriction,2023-03-20,,10 mph,Track,475.9999999999991,0.0901515151515149,0.0019015295328309,47.41,0.0006608379647523457,136.42,Multi-Segment,Start,511,,1,0,0,0,0,1
2024-01-25,526486,NB,Red Line,Red Line - Braintree,RL Alewife-Braintree NB,NB North Quincy to JFK,place-nqncy | place-jfk,Between Stations,RBNB-10,Active Restriction,2023-03-20,,10 mph,Track,475.9999999999991,0.0901515151515149,0.0019015295328309,47.41,0.0006608379647523457,136.42,Multi-Segment,Start,311,,1,0,0,0,0,1
2024-02-17,524602,NB,Red Line,Red Line - Braintree,RL Alewife-Braintree NB,NB Central to Harvard,place-cntsq | place-harsq,Between Stations,RBNB-28,Active Restriction,2023-03-11,,10 mph,Track,1400.0,0.2651515151515151,0.005592733920091,47.41,0.001943641072801,136.42,Single Segment,Start|End,343,,1,0,0,0,0,1
2024-04-29,526502,NB,Orange Line,Orange Line,OL NB,NB Malden to Oak Grove,place-mlmnl | place-ogmnl,Between Stations,OLNB-38,Active Restriction,2023-03-20,,25 mph,Track,400.0,0.0757575757575757,0.0033610282057487,22.54,0.0005553260208002915,136.42,Single Segment,Start|End,406,,1,0,0,0,0,1
2024-04-22,541215,EB,Blue Line,Blue Line,BL EB,EB Wood I to Orient Heights,place-wimnl | place-orhte,Between Stations,BLEB-14,Active Restriction,2023-05-09,,10 mph,Track,1400.0,0.2651515151515151,0.0212461149961149,12.48,0.001943641072801,136.42,Multi-Segment,End,349,,0,0,0,0,0,0
2024-05-18,000054L,SB,Orange Line,Orange Line,OL SB,SB Ruggles to Roxbury Cross.,place-rugg | place-rcmnl,Between Stations,OLSB-30,Active Restriction,2023-12-12,,10 mph,Track,400.0,0.0757575757575757,0.0033610282057487,22.54,0.0005553260208002915,136.42,Single Segment,Start|End,158,,1,0,0,0,0,1
2024-07-21,523857,SB,Red Line,Red Line - Braintree,RL Alewife-Braintree SB,SB Porter to Harvard,place-portr | place-harsq,Between Stations,RBSB-06,Active Restriction,2023-03-09,,25 mph,Track,2500.0,0.4734848484848485,0.0099870248573053,47.41,0.0034707876300018,136.42,Single Segment,Start|End,500,,1,0,0,0,0,1
2024-03-16,508520,NB,Red Line,Red Line - Braintree,RL Alewife-Braintree NB,NB JFK to Andrew,place-jfk | place-andrw,Between Stations,RBNB-12,Active Restriction,2023-01-13,,10 mph,Track,513.9999999999986,0.0973484848484845,0.0020533323106619,47.41,0.0007135939367283726,136.42,Multi-Segment,End,428,,0,0,0,0,0,0
2024-03-08,526501,SB,Red Line,Red Line - Braintree,RL Alewife-Braintree SB,SB Harvard to Central,place-harsq | place-cntsq,Between Stations,RBSB-08,Active Restriction,2023-03-20,,25 mph,Track,800.0,0.1515151515151515,0.0031958479543377,47.41,0.0011106520416005,136.42,Single Segment,Start|End,354,,1,0,0,0,0,1
2024-10-01,000076L,NB,Orange Line,Orange Line,OL NB,NB Green St. Station,place-grnst,Station,OLNB-03,Active Restriction,2024-09-19,,25 mph,Track,400.0,0.0757575757575757,0.0033610282057487,22.54,0.0005553260208002915,136.42,Multi-Segment,Start,12,,1,1,0,0,0,1
2024-02-07,526513,SB,Red Line,Red Line - Braintree,RL Alewife-Braintree SB,SB Broadway to Andrew,place-brdwy | place-andrw,Between Stations,RBSB-22,Active Restriction,2023-03-20,,25 mph,Track,100.0,0.0189393939393939,0.0003994809942922156,47.41,0.00013883150520007287,136.42,Single Segment,Start|End,324,,1,0,0,0,0,1
2024-01-25,488828,SB,Orange Line,Orange Line,OL SB,SB Assembly to Sullivan,place-astao | place-sull,Between Stations,OLSB-08,Active Restriction,2022-11-02,,25 mph,Track,400.0,0.0757575757575757,0.0033610282057487,22.54,0.0005553260208002915,136.42,Single Segment,Start|End,449,,1,0,0,0,0,1
2024-01-08,000050L,NB,Orange Line,Orange Line,OL NB,NB Community College,place-ccmnl,Station,OLNB-29,Active Restriction,2023-10-26,,25 mph,Track,58.9999999999975,0.0111742424242419,0.0004957516603479126,22.54,8.191058806803952e-05,136.42,Multi-Segment,End,74,,0,0,0,0,0,0
2024-01-21,541215,EB,Blue Line,Blue Line,BL EB,EB Wood Island Station,place-wimnl,Station,BLEB-13,Active Restriction,2023-05-09,,10 mph,Track,300.9999999999991,0.0570075757575755,0.0045679147241647,12.48,0.0004178828306522181,136.42,Multi-Segment,Midpoint,257,,0,0,0,0,0,0
2024-03-09,531815,EB,Blue Line,Blue Line,BL EB,EB Wood I to Orient Heights,place-wimnl | place-orhte,Between Stations,BLEB-14,Active Restriction,2023-04-05,,25 mph,Track,2700.0,0.5113636363636364,0.0409746503496503,12.48,0.0037484506404019,136.42,Single Segment,Start|End,339,,1,0,0,0,0,1
2024-10-11,000054L,SB,Orange Line,Orange Line,OL SB,SB Ruggles to Roxbury Cross.,place-rugg | place-rcmnl,Between Stations,OLSB-30,Active Restriction,2023-12-12,,10 mph,Track,400.0,0.0757575757575757,0.0033610282057487,22.54,0.0005553260208002915,136.42,Single Segment,Start|End,304,,1,0,0,0,0,1
2024-02-04,567259,SB,Red Line,Red Line - Braintree,RL Alewife-Braintree SB,SB Charles to Park,place-chmnl | place-pktrm,Between Stations,RBSB-14,Active Restriction,2023-08-03,,10 mph,Track,500.0,0.0946969696969697,0.001997404971461,47.41,0.0006941575260003644,136.42,Single Segment,Start|End,185,,1,0,0,0,0,1
2024-03-17,541215,EB,Blue Line,Blue Line,BL EB,EB Wood I to Orient Heights,place-wimnl | place-orhte,Between Stations,BLEB-14,Active Restriction,2023-05-09,,10 mph,Track,1400.0,0.2651515151515151,0.0212461149961149,12.48,0.001943641072801,136.42,Multi-Segment,End,313,,0,0,0,0,0,0
2024-01-27,578017,NB,Red Line,Red Line - Braintree,RL Alewife-Braintree NB,NB North Quincy to JFK,place-nqncy | place-jfk,Between Stations,RBNB-10,Active Restriction,2023-09-22,,25 mph,Track,300.0,0.0568181818181818,0.0011984429828766,47.41,0.0004164945156002186,136.42,Single Segment,Start|End,127,,1,0,0,0,0,1
2024-05-20,544803,NB,Red Line,Red Line - Braintree,RL Alewife-Braintree NB,NB Wollaston to North Quincy,place-wlsta | place-nqncy,Between Stations,RBNB-08,Active Restriction,2023-05-26,,25 mph,Track,500.0,0.0946969696969697,0.001997404971461,47.41,0.0006941575260003644,136.42,Single Segment,Start|End,360,,1,0,0,0,0,1
2024-01-09,524227,EB,Green Line,Green Line Trunk,GL Kenmore-College Ave EB,EB Boylston to Park St,place-boyls | place-pktrm,Between Stations,GAEB-09,Active Restriction,2023-03-10,,6 mph,Track,820.0000000000002,0.1553030303030303,0.0028765147305617,53.99,0.0011384183426405,136.42,Multi-Segment,End,305,,0,0,0,0,0,0
2024-10-07,541773,NB,Orange Line,Orange Line,OL NB,NB Green St. to Stony Brook,place-grnst | place-sbmnl,Between Stations,OLNB-04,Active Restriction,2023-05-11,,25 mph,Track,200.0,0.0378787878787878,0.0016805141028743,22.54,0.00027766301040014574,136.42,Single Segment,Start|End,515,,1,0,0,0,0,1
2024-03-23,000118R,NB,Red Line,Red Line - Braintree,RL Alewife-Braintree NB,NB Broadway to South Sta.,place-brdwy | place-sstat,Between Stations,RBNB-16,Active Restriction,2024-02-08,,25 mph,Track,200.0,0.0378787878787878,0.0007989619885844312,47.41,0.00027766301040014574,136.42,Single Segment,Start|End,44,,1,0,0,0,0,1
2024-04-27,544805,NB,Red Line,Red Line - Braintree,RL Alewife-Braintree NB,NB Quincy Center to Wollaston,place-qnctr | place-wlsta,Between Stations,RBNB-06,Active Restriction,2023-05-26,,25 mph,Track,6350.0,1.2026515151515151,0.0253670431375556,47.41,0.0088158005802046,136.42,Single Segment,Start|End,337,,1,0,0,0,0,1
2024-03-15,532636,WB,Blue Line,Blue Line,BL WB,WB Suffolk Downs Station,place-sdmnl,Station,BLWB-07,Active Restriction,2023-04-08,,25 mph,Track,400.0,0.0757575757575757,0.0060703185703185,12.48,0.0005553260208002915,136.42,Multi-Segment,Start,342,,1,0,0,0,0,1
2024-03-06,524002,NB,Red Line,Red Line - Braintree,RL Alewife-Braintree NB,NB Braintree to Quincy Adams,place-brntn | place-qamnl,Between Stations,RBNB-02,Active Restriction,2023-03-09,,25 mph,Track,400.0,0.0757575757575757,0.0015979239771688,47.41,0.0005553260208002915,136.42,Single Segment,Start|End,363,,1,0,0,0,0,1
2024-03-02,532638,WB,Blue Line,Blue Line,BL WB,WB Beachmont Station,place-bmmnl,Station,BLWB-05,Active Restriction,2023-04-08,,25 mph,Track,400.9999999999991,0.0759469696969695,0.0060854943667443,12.48,0.000556714335852291,136.42,Multi-Segment,Midpoint,329,,0,0,0,0,0,0
2024-08-03,000064L,SB,Orange Line,Orange Line,OL SB,SB Mass Ave to Ruggles,place-masta | place-rugg,Between Stations,OLSB-28,Active Restriction,2024-05-14,,10 mph,Track,500.0,0.0946969696969697,0.0042012852571858,22.54,0.0006941575260003644,136.42,Single Segment,Start|End,81,,1,0,0,0,0,1
2024-06-26,488828,SB,Orange Line,Orange Line,OL SB,SB Assembly to Sullivan,place-astao | place-sull,Between Stations,OLSB-08,Active Restriction,2022-11-02,,25 mph,Track,400.0,0.0757575757575757,0.0033610282057487,22.54,0.0005553260208002915,136.42,Single Segment,Start|End,602,,1,0,0,0,0,1
2024-11-05,565480,SB,Red Line,Red Line - Braintree,RL Alewife-Braintree SB,SB JFK Station (Braintree),place-jfk,Station,RBSB-25,Active Restriction,2023-08-01,,10 mph,Track,87.00000000000045,0.0164772727272728,0.00034754846503422937,47.41,0.00012078340952406402,136.42,Multi-Segment,End,462,,0,0,0,0,0,0
2024-04-20,567810,WB,Blue Line,Blue Line,BL WB,WB Orient Heights to Wood I,place-orhte | place-wimnl,Between Stations,BLWB-10,Active Restriction,2023-08-07,,25 mph,Track,500.0,0.0946969696969697,0.0075878982128982,12.48,0.0006941575260003644,136.42,Single Segment,Start|End,257,,1,0,0,0,0,1
2024-04-12,541215,EB,Blue Line,Blue Line,BL EB,EB Airport to Wood I,place-aport | place-wimnl,Between Stations,BLEB-12,Active Restriction,2023-05-09,,10 mph,Track,99.00000000000092,0.0187500000000001,0.0015024038461538,12.48,0.0001374431901480734,136.42,Multi-Segment,Start,339,,1,0,0,0,0,1
2024-08-25,000149R,NB,Red Line,Red Line - Braintree,RL Alewife-Braintree NB,NB Quincy Center to Wollaston,place-qnctr | place-wlsta,Between Stations,RBNB-06,Active Restriction,2024-06-11,,25 mph,Track,200.0,0.0378787878787878,0.0007989619885844312,47.41,0.00027766301040014574,136.42,Single Segment,Start|End,75,,1,0,0,0,0,1
2024-01-05,523856,SB,Red Line,Red Line - Braintree,RL Alewife-Braintree SB,SB Davis to Porter,place-davis | place-portr,Between Stations,RBSB-04,Active Restriction,2023-03-09,,10 mph,Track,2400.0,0.4545454545454545,0.0095875438630131,47.41,0.0033319561248017,136.42,Single Segment,Start|End,302,,1,0,0,0,0,1
2024-02-19,526489,NB,Red Line,Red Line - Braintree,RL Alewife-Braintree NB,NB Wollaston to North Quincy,place-wlsta | place-nqncy,Between Stations,RBNB-08,Active Restriction,2023-03-20,,25 mph,Track,100.0,0.0189393939393939,0.0003994809942922156,47.41,0.00013883150520007287,136.42,Single Segment,Start|End,336,,1,0,0,0,0,1
2024-01-16,564973,NB,Red Line,Red Line - Braintree,RL Alewife-Braintree NB,NB Central Station,place-cntsq,Station,RBNB-27,Active Restriction,2023-07-28,,25 mph,Track,200.9999999999991,0.0380681818181816,0.0008029567985273497,47.41,0.0002790513254521452,136.42,Multi-Segment,End,172,,0,0,0,0,0,0
2024-01-12,000045L,NB,Orange Line,Orange Line,OL NB,NB Back Bay Station,place-bbsta,Station,OLNB-15,Active Restriction,2023-10-20,,25 mph,Track,300.0,0.0568181818181818,0.0025207711543115,22.54,0.0004164945156002186,136.42,Multi-Segment,Start,84,,1,0,0,0,0,1
2024-01-02,572027,SB,Red Line,Red Line - Braintree,RL Alewife-Braintree SB,SB Downtown Cross. Station,place-dwnxg,Station,RBSB-17,Active Restriction,2023-08-25,,10 mph,Track,100.99999999999908,0.0191287878787877,0.0004034758042351341,47.41,0.00014021982025207234,136.42,Multi-Segment,End,130,,0,0,0,0,0,0
2024-04-02,000062L,NB,Orange Line,Orange Line,OL NB,NB Community College,place-ccmnl,Station,OLNB-29,Active Restriction,2024-03-01,,25 mph,Track,50.99999999999909,0.0096590909090907,0.0004285310962329519,22.54,7.08040676520359e-05,136.42,Multi-Segment,Start,32,,1,0,0,0,0,1
2024-07-15,526507,SB,Red Line,Red Line - Braintree,RL Alewife-Braintree SB,SB Harvard to Central,place-harsq | place-cntsq,Between Stations,RBSB-08,Active Restriction,2023-03-20,,25 mph,Track,500.0,0.0946969696969697,0.001997404971461,47.41,0.0006941575260003644,136.42,Single Segment,Start|End,483,,1,0,0,0,0,1
2024-06-29,000130R,SB,Red Line,Red Line - Braintree,RL Alewife-Braintree SB,SB JFK to North Quincy,place-jfk | place-nqncy,Between Stations,RBSB-26,Active Restriction,2024-03-01,,10 mph,Track,300.0,0.0568181818181818,0.0011984429828766,47.41,0.0004164945156002186,136.42,Single Segment,Start|End,120,,1,0,0,0,0,1
2024-03-10,567832,EB,Blue Line,Blue Line,BL EB,EB Aquarium Station,place-aqucl,Station,BLEB-07,Active Restriction,2023-08-07,,10 mph,Track,400.0,0.0757575757575757,0.0060703185703185,12.48,0.0005553260208002915,136.42,Multi-Segment,Start,216,,1,0,0,0,0,1
2024-09-13,000160R,NB,Red Line,Red Line - Braintree,RL Alewife-Braintree NB,NB North Quincy to JFK,place-nqncy | place-jfk,Between Stations,RBNB-10,Active Restriction,2024-08-29,,25 mph,Track,200.0,0.0378787878787878,0.0007989619885844312,47.41,0.00027766301040014574,136.42,Single Segment,Start|End,15,,1,0,0,0,0,1
2024-07-25,526486,NB,Red Line,Red Line - Braintree,RL Alewife-Braintree NB,NB North Quincy to JFK,place-nqncy | place-jfk,Between Stations,RBNB-10,Active Restriction,2023-03-20,,10 mph,Track,475.9999999999991,0.0901515151515149,0.0019015295328309,47.41,0.0006608379647523457,136.42,Multi-Segment,Start,493,,1,0,0,0,0,1
2024-04-01,000062L,NB,Orange Line,Orange Line,OL NB,NB Comm. College to Sullivan,place-ccmnl | place-sull,Between Stations,OLNB-30,Active Restriction,2024-03-01,,25 mph,Track,549.0000000000009,0.1039772727272729,0.0046130112123901,22.54,0.0007621849635484014,136.42,Multi-Segment,End,31,,0,0,0,0,0,0
2024-05-15,524220,WB,Green Line,Green Line Trunk,GL Kenmore-College Ave WB,WB North Sta. to Haymarket,place-north | place-haecl,Between Stations,GAWB-16,Active Restriction,2023-03-10,,6 mph,Track,598.9999999999995,0.1134469696969696,0.0021012589312274,53.99,0.000831600716148436,136.42,Multi-Segment,Start,432,,1,0,0,0,0,1
2024-07-01,516965,WB,Green Line,Green Line Trunk,GL Kenmore-College Ave WB,WB Haymarket to Govt Center,place-haecl | place-gover,Between Stations,GAWB-18,Active Restriction,2023-02-13,,5 mph,Track,500.0,0.0946969696969697,0.001753972396684,53.99,0.0006941575260003644,136.42,Single Segment,Start|End,504,,1,1,0,0,0,1
2024-01-06,528761,WB,Green Line,Green Line - B,GL Kenmore-Boston Col. WB,WB Blandford St to BU East,place-bland | place-buest,Between Stations,GBWB-04,Active Restriction,2023-03-30,,6 mph,Track,219.0000000000001,0.0414772727272727,0.0007682399097475968,53.99,0.00030404099638815975,136.42,Multi-Segment,Start,282,,1,0,0,0,0,1
2024-01-15,570703,SB,Red Line,Red Line - Braintree,RL Alewife-Braintree SB,SB Alewife to Davis,place-alfcl | place-davis,Between Stations,RBSB-02,Active Restriction,2023-08-22,,10 mph,Track,1000.0,0.1893939393939394,0.0039948099429221,47.41,0.0013883150520007,136.42,Single Segment,Start|End,146,,1,0,0,0,0,1
2024-04-18,541215,EB,Blue Line,Blue Line,BL EB,EB Airport to Wood I,place-aport | place-wimnl,Between Stations,BLEB-12,Active Restriction,2023-05-09,,10 mph,Track,99.00000000000092,0.0187500000000001,0.0015024038461538,12.48,0.0001374431901480734,136.42,Multi-Segment,Start,345,,1,0,0,0,0,1
2024-09-26,523902,SB,Orange Line,Orange Line,OL SB,SB Roxbury Cross. to Jackson Sq.,place-rcmnl | place-jaksn,Between Stations,OLSB-32,Active Restriction,2023-03-09,,25 mph,Track,1000.0,0.1893939393939394,0.0084025705143717,22.54,0.0013883150520007,136.42,Single Segment,Start|End,567,,1,0,0,0,0,1
2024-02-27,532638,WB,Blue Line,Blue Line,BL WB,WB Revere Beach to Beachmont,place-rbmnl | place-bmmnl,Between Stations,BLWB-04,Active Restriction,2023-04-08,,25 mph,Track,799.0000000000009,0.1513257575757577,0.0121254613442113,12.48,0.0011092637265485,136.42,Multi-Segment,Start,325,,1,0,0,0,0,1
2024-02-08,541766,SB,Orange Line,Orange Line,OL SB,SB Sullivan to Comm. College,place-sull | place-ccmnl,Between Stations,OLSB-10,Active Restriction,2023-05-11,,25 mph,Track,3100.0,0.5871212121212122,0.0260479685945524,22.54,0.0043037766612022,136.42,Single Segment,Start|End,273,,1,0,0,0,0,1
2024-04-08,549345,WB,Green Line,Green Line - B,GL Kenmore-Boston Col. WB,WB Warren St Station,place-wrnst,Station,GBWB-21,Active Restriction,2023-06-14,,6 mph,Track,208.00000000000125,0.0393939393939396,0.0007296525170205526,53.99,0.0002887695308161533,136.42,Multi-Segment,Midpoint,299,,0,0,0,0,0,0
2024-06-04,000124R,NB,Red Line,Red Line - Braintree,RL Alewife-Braintree NB,NB North Quincy to JFK,place-nqncy | place-jfk,Between Stations,RBNB-10,Active Restriction,2024-02-13,,10 mph,Track,600.0,0.1136363636363636,0.0023968859657532,47.41,0.0008329890312004372,136.42,Single Segment,Start|End,112,,1,0,0,0,0,1
2024-02-09,531819,EB,Blue Line,Blue Line,BL EB,EB Beachmont to Revere Beach,place-bmmnl | place-rbmnl,Between Stations,BLEB-20,Active Restriction,2023-04-05,,25 mph,Track,1700.0,0.3219696969696969,0.0257988539238539,12.48,0.0023601355884012,136.42,Single Segment,Start|End,310,,1,0,0,0,0,1
2024-01-04,000045L,NB,Orange Line,Orange Line,OL NB,NB Back Bay to Tufts Med.,place-bbsta | place-tumnl,Between Stations,OLNB-16,Active Restriction,2023-10-20,,25 mph,Track,600.0,0.1136363636363636,0.005041542308623,22.54,0.0008329890312004372,136.42,Multi-Segment,End,76,,0,0,0,0,0,0
2024-04-29,000117R,SB,Red Line,Red Line - Braintree,RL Alewife-Braintree SB,SB JFK to North Quincy,place-jfk | place-nqncy,Between Stations,RBSB-26,Active Restriction,2024-02-08,,10 mph,Track,200.0,0.0378787878787878,0.0007989619885844312,47.41,0.00027766301040014574,136.42,Single Segment,Start|End,81,,1,0,0,0,0,1
2024-02-21,540439,SB,Red Line,Red Line - Braintree,RL Alewife-Braintree SB,SB JFK to North Quincy,place-jfk | place-nqncy,Between Stations,RBSB-26,Active Restriction,2023-05-05,,25 mph,Track,1000.0,0.1893939393939394,0.0039948099429221,47.41,0.0013883150520007,136.42,Single Segment,Start|End,292,,1,0,0,0,0,1
2024-04-08,550078,EB,Green Line,Green Line - B,GL Kenmore-Boston Col. EB,EB Allston St to Griggs St,place-alsgr | place-grigg,Between Stations,GBEB-16,Active Restriction,2023-06-18,,20 mph,Track,370.0000000000003,0.0700757575757576,0.0012979395735461,53.99,0.00051367656924027,136.42,Single Segment,Start|End,295,,1,0,0,0,0,1
2024-01-11,550504,WB,Green Line,Green Line - B,GL Kenmore-Boston Col. WB,WB Allston St Station,place-alsgr,Station,GBWB-19,Active Restriction,2023-06-21,,10 mph,Track,176.5999999999991,0.0334469696969695,0.0006195030505087892,53.99,0.00024517643818332746,136.42,Multi-Segment,Start,204,,1,0,0,0,0,1
2024-08-13,523904,SB,Orange Line,Orange Line,OL SB,SB Ruggles to Roxbury Cross.,place-rugg | place-rcmnl,Between Stations,OLSB-30,Active Restriction,2023-03-09,,25 mph,Track,938.9999999999986,0.1778409090909088,0.007890013712995,22.54,0.0013036278338286,136.42,Single Segment,Start|End,523,,1,0,0,0,0,1
2024-07-12,526491,NB,Orange Line,Orange Line,OL NB,NB Assembly to Wellington,place-astao | place-welln,Between Stations,OLNB-34,Active Restriction,2023-03-20,,25 mph,Track,700.0,0.1325757575757575,0.0058817993600602,22.54,0.00097182053640051,136.42,Single Segment,Start|End,480,,1,0,0,0,0,1
2024-06-09,526501,SB,Red Line,Red Line - Braintree,RL Alewife-Braintree SB,SB Harvard to Central,place-harsq | place-cntsq,Between Stations,RBSB-08,Active Restriction,2023-03-20,,25 mph,Track,800.0,0.1515151515151515,0.0031958479543377,47.41,0.0011106520416005,136.42,Single Segment,Start|End,447,,1,0,0,0,0,1
2024-04-19,543720,SB,Red Line,Red Line - Braintree,RL Alewife-Braintree SB,SB Quincy Adams to Braintree,place-qamnl | place-brntn,Between Stations,RBSB-34,Active Restriction,2023-05-23,,25 mph,Track,200.0,0.0378787878787878,0.0007989619885844312,47.41,0.00027766301040014574,136.42,Single Segment,Start|End,332,,1,0,0,0,0,1
2024-09-12,490317,SB,Red Line,Red Line - Braintree,RL Alewife-Braintree SB,SB Wollaston to Quincy Center,place-wlsta | place-qnctr,Between Stations,RBSB-30,Active Restriction,2022-11-09,,25 mph,Track,200.0,0.0378787878787878,0.0007989619885844312,47.41,0.00027766301040014574,136.42,Single Segment,Start|End,673,,1,0,0,0,0,1
2024-07-31,543720,SB,Red Line,Red Line - Braintree,RL Alewife-Braintree SB,SB Quincy Adams to Braintree,place-qamnl | place-brntn,Between Stations,RBSB-34,Active Restriction,2023-05-23,,25 mph,Track,200.0,0.0378787878787878,0.0007989619885844312,47.41,0.00027766301040014574,136.42,Single Segment,Start|End,435,,1,0,0,0,1,1
2024-02-20,549345,WB,Green Line,Green Line - B,GL Kenmore-Boston Col. WB,WB Allston St to Warren St,place-alsgr | place-wrnst,Between Stations,GBWB-20,Active Restriction,2023-06-14,,6 mph,Track,160.00000000000085,0.0303030303030304,0.0005612711669388861,53.99,0.00022213040832011775,136.42,Multi-Segment,Start,251,,1,0,0,0,0,1
2024-07-27,524641,EB,Green Line,Green Line - B,GL Kenmore-Boston Col. EB,EB Warren St to Allston St,place-wrnst | place-alsgr,Between Stations,GBEB-14,Active Restriction,2023-03-12,,10 mph,Track,386.00000000000136,0.0731060606060608,0.00135406669024,53.99,0.0005358896100722832,136.42,Single Segment,Start|End,503,,1,0,0,0,0,1
2024-05-24,550078,EB,Green Line,Green Line - B,GL Kenmore-Boston Col. EB,EB Allston St to Griggs St,place-alsgr | place-grigg,Between Stations,GBEB-16,Active Restriction,2023-06-18,,20 mph,Track,370.0000000000003,0.0700757575757576,0.0012979395735461,53.99,0.00051367656924027,136.42,Single Segment,Start|End,341,,1,0,0,0,0,1
2024-06-29,516965,WB,Green Line,Green Line Trunk,GL Kenmore-College Ave WB,WB Haymarket to Govt Center,place-haecl | place-gover,Between Stations,GAWB-18,Active Restriction,2023-02-13,,5 mph,Track,500.0,0.0946969696969697,0.001753972396684,53.99,0.0006941575260003644,136.42,Single Segment,Start|End,502,,1,0,0,0,0,1
2024-03-05,000048L,NB,Orange Line,Orange Line,OL NB,NB Stony Brook to Jackson Sq.,place-sbmnl | place-jaksn,Between Stations,OLNB-06,Active Restriction,2023-10-20,,10 mph,Track,299.99999999999994,0.0568181818181818,0.0025207711543115,22.54,0.00041649451560021855,136.42,Multi-Segment,End,137,,0,0,0,0,0,0
2024-02-16,541768,SB,Orange Line,Orange Line,OL SB,SB Comm. College to North Sta.,place-ccmnl | place-north,Between Stations,OLSB-12,Active Restriction,2023-05-11,,25 mph,Track,100.0,0.0189393939393939,0.0008402570514371758,22.54,0.00013883150520007287,136.42,Single Segment,Start|End,281,,1,0,0,0,0,1
2024-02-29,000060L,NB,Orange Line,Orange Line,OL NB,NB Haymarket to North Sta.,place-haecl | place-north,Between Stations,OLNB-26,Active Restriction,2024-02-14,,10 mph,Track,500.0,0.0946969696969697,0.0042012852571858,22.54,0.0006941575260003644,136.42,Single Segment,Start|End,15,,1,0,0,0,1,1
2024-08-14,541773,NB,Orange Line,Orange Line,OL NB,NB Green St. to Stony Brook,place-grnst | place-sbmnl,Between Stations,OLNB-04,Active Restriction,2023-05-11,,25 mph,Track,200.0,0.0378787878787878,0.0016805141028743,22.54,0.00027766301040014574,136.42,Single Segment,Start|End,461,,1,0,0,0,0,1
2024-01-21,540439,SB,Red Line,Red Line - Braintree,RL Alewife-Braintree SB,SB JFK to North Quincy,place-jfk | place-nqncy,Between Stations,RBSB-26,Active Restriction,2023-05-05,,25 mph,Track,1000.0,0.1893939393939394,0.0039948099429221,47.41,0.0013883150520007,136.42,Single Segment,Start|End,261,,1,0,0,0,0,1
2024-05-08,568653,NB,Orange Line,Orange Line,OL NB,NB Downtown Cross. Station,place-dwnxg,Station,OLNB-21,Active Restriction,2023-08-11,,10 mph,Track,400.0,0.0757575757575757,0.0033610282057487,22.54,0.0005553260208002915,136.42,Multi-Segment,Start,271,,1,0,0,0,0,1
2024-07-30,000048L,NB,Orange Line,Orange Line,OL NB,NB Stony Brook Station,place-sbmnl,Station,OLNB-05,Active Restriction,2023-10-20,,10 mph,Track,400.0,0.0757575757575757,0.0033610282057487,22.54,0.0005553260208002915,136.42,Multi-Segment,Start,284,,1,0,0,0,0,1
2024-03-14,568654,NB,Orange Line,Orange Line,OL NB,NB North Sta. to Comm. College,place-north | place-ccmnl,Between Stations,OLNB-28,Active Restriction,2023-08-11,,25 mph,Track,548.0000000000018,0.1037878787878791,0.0046046086418757,22.54,0.0007607966484964019,136.42,Multi-Segment,End,216,,0,0,0,0,0,0
2024-02-02,532636,WB,Blue Line,Blue Line,BL WB,WB Suffolk Downs to Orient Heights,place-sdmnl | place-orhte,Between Stations,BLWB-08,Active Restriction,2023-04-08,,25 mph,Track,1999.000000000001,0.378598484848485,0.030336417055167,12.48,0.0027752417889494,136.42,Multi-Segment,Midpoint,300,,0,0,0,0,0,0
2024-01-23,524006,NB,Red Line,Red Line - Braintree,RL Alewife-Braintree NB,NB Braintree to Quincy Adams,place-brntn | place-qamnl,Between Stations,RBNB-02,Active Restriction,2023-03-09,,10 mph,Track,1500.0,0.2840909090909091,0.0059922149143832,47.41,0.002082472578001,136.42,Single Segment,Start|End,320,,1,0,0,0,0,1
2024-02-24,523904,SB,Orange Line,Orange Line,OL SB,SB Ruggles to Roxbury Cross.,place-rugg | place-rcmnl,Between Stations,OLSB-30,Active Restriction,2023-03-09,,25 mph,Track,938.9999999999986,0.1778409090909088,0.007890013712995,22.54,0.0013036278338286,136.42,Single Segment,Start|End,352,,1,0,0,0,0,1
2024-04-10,000023B,WB,Blue Line,Blue Line,BL WB,WB Wood I to Airport,place-wimnl | place-aport,Between Stations,BLWB-12,Active Restriction,2024-02-15,,10 mph,Track,199.0000000000009,0.0376893939393941,0.0030199834887335,12.48,0.00027627469534814627,136.42,Multi-Segment,Start,55,,1,0,0,0,0,1
2024-02-25,000045L,NB,Orange Line,Orange Line,OL NB,NB Back Bay to Tufts Med.,place-bbsta | place-tumnl,Between Stations,OLNB-16,Active Restriction,2023-10-20,,25 mph,Track,600.0,0.1136363636363636,0.005041542308623,22.54,0.0008329890312004372,136.42,Multi-Segment,End,128,,0,0,0,0,0,0
2024-04-05,567513,NB,Red Line,Red Line - Braintree,RL Alewife-Braintree NB,NB Andrew to Broadway,place-andrw | place-brdwy,Between Stations,RBNB-14,Active Restriction,2023-08-04,,10 mph,Track,900.0,0.1704545454545454,0.0035953289486299,47.41,0.0012494835468006,136.42,Single Segment,Start|End,245,,1,0,0,0,0,1
2024-04-01,544805,NB,Red Line,Red Line - Braintree,RL Alewife-Braintree NB,NB Quincy Center to Wollaston,place-qnctr | place-wlsta,Between Stations,RBNB-06,Active Restriction,2023-05-26,,25 mph,Track,6350.0,1.2026515151515151,0.0253670431375556,47.41,0.0088158005802046,136.42,Single Segment,Start|End,311,,1,1,0,0,0,1
2024-06-24,526515,SB,Orange Line,Orange Line,OL SB,SB Assembly to Sullivan,place-astao | place-sull,Between Stations,OLSB-08,Active Restriction,2023-03-20,,25 mph,Track,200.0,0.0378787878787878,0.0016805141028743,22.54,0.00027766301040014574,136.42,Single Segment,Start|End,462,,1,0,0,0,0,1
2024-07-09,000047L,SB,Orange Line,Orange Line,OL SB,SB Ruggles to Roxbury Cross.,place-rugg | place-rcmnl,Between Stations,OLSB-30,Active Restriction,2023-10-20,,25 mph,Track,299.0000000000009,0.056628787878788,0.0025123685837971,22.54,0.00041510620054821914,136.42,Multi-Segment,Start,263,,1,0,0,0,0,1
2024-01-04,550078,EB,Green Line,Green Line - B,GL Kenmore-Boston Col. EB,EB Allston St to Griggs St,place-alsgr | place-grigg,Between Stations,GBEB-16,Active Restriction,2023-06-18,,20 mph,Track,220.00000000000028,0.0416666666666667,0.0007717478545409654,53.99,0.0003054293114401607,136.42,Single Segment,Start|End,200,,1,0,0,0,0,1
2024-07-15,564973,NB,Red Line,Red Line - Braintree,RL Alewife-Braintree NB,NB Kendall to Central,place-knncl | place-cntsq,Between Stations,RBNB-26,Active Restriction,2023-07-28,,25 mph,Track,99.00000000000092,0.0187500000000001,0.000395486184349297,47.41,0.0001374431901480734,136.42,Multi-Segment,Start,353,,1,0,0,0,0,1
2024-03-26,000050L,NB,Orange Line,Orange Line,OL NB,NB North Sta. to Comm. College,place-north | place-ccmnl,Between Stations,OLNB-28,Active Restriction,2023-10-26,,25 mph,Track,341.0000000000025,0.0645833333333338,0.0028652765454007,22.54,0.000473415432732252,136.42,Multi-Segment,Start,152,,1,0,0,0,0,1
2024-01-13,516965,WB,Green Line,Green Line Trunk,GL Kenmore-College Ave WB,WB Haymarket to Govt Center,place-haecl | place-gover,Between Stations,GAWB-18,Active Restriction,2023-02-13,,5 mph,Track,500.0,0.0946969696969697,0.001753972396684,53.99,0.0006941575260003644,136.42,Single Segment,Start|End,334,,1,0,0,0,0,1
2024-07-14,523547,SB,Red Line,Red Line - Braintree,RL Alewife-Braintree SB,SB Quincy Adams to Braintree,place-qamnl | place-brntn,Between Stations,RBSB-34,Active Restriction,2023-03-08,,25 mph,Track,2900.0,0.5492424242424242,0.0115849488344742,47.41,0.0040261136508021,136.42,Single Segment,Start|End,494,,1,0,0,0,0,1
2024-05-29,000062L,NB,Orange Line,Orange Line,OL NB,NB Community College,place-ccmnl,Station,OLNB-29,Active Restriction,2024-03-01,,25 mph,Track,50.99999999999909,0.0096590909090907,0.0004285310962329519,22.54,7.08040676520359e-05,136.42,Multi-Segment,Start,89,,1,0,0,0,0,1
2024-08-05,000141G,EB,Green Line,Green Line - B,GL Kenmore-Boston Col. EB,EB Allston St to Griggs St,place-alsgr | place-grigg,Between Stations,GBEB-16,Active Restriction,2024-07-11,,6 mph,Track,400.0,0.0757575757575757,0.0014031779173472,53.99,0.0005553260208002915,136.42,Single Segment,Start|End,25,,1,0,0,0,0,1
2024-04-15,568491,EB,Blue Line,Blue Line,BL EB,EB Airport to Wood I,place-aport | place-wimnl,Between Stations,BLEB-12,Active Restriction,2023-08-10,,25 mph,Track,400.0,0.0757575757575757,0.0060703185703185,12.48,0.0005553260208002915,136.42,Single Segment,Start|End,249,,1,0,0,0,0,1
2024-01-17,329925,WB,Green Line,Green Line - C,GL Kenmore-Cleveland Cir. WB,WB Kenmore to St. Mary's St,place-kencl | place-smary,Between Stations,GCWB-02,Active Restriction,2021-09-23,,6 mph,Track,413.0,0.0782196969696969,0.0014487811996609,53.99,0.0005733741164763009,136.42,Multi-Segment,End,846,,0,0,0,0,0,0
2024-09-25,508520,NB,Red Line,Red Line - Braintree,RL Alewife-Braintree NB,NB JFK to Andrew,place-jfk | place-andrw,Between Stations,RBNB-12,Active Restriction,2023-01-13,,10 mph,Track,513.9999999999986,0.0973484848484845,0.0020533323106619,47.41,0.0007135939367283726,136.42,Multi-Segment,End,621,,0,0,0,0,0,0
2024-02-19,540439,SB,Red Line,Red Line - Braintree,RL Alewife-Braintree SB,SB JFK to North Quincy,place-jfk | place-nqncy,Between Stations,RBSB-26,Active Restriction,2023-05-05,,25 mph,Track,1000.0,0.1893939393939394,0.0039948099429221,47.41,0.0013883150520007,136.42,Single Segment,Start|End,290,,1,0,0,0,0,1
2024-09-24,000075L,NB,Orange Line,Orange Line,OL NB,NB Mass Ave to Back Bay,place-masta | place-bbsta,Between Stations,OLNB-14,Active Restriction,2024-09-13,,25 mph,Track,1000.0,0.1893939393939394,0.0084025705143717,22.54,0.0013883150520007,136.42,Single Segment,Start|End,11,,1,0,0,0,0,1
2024-04-22,532634,WB,Blue Line,Blue Line,BL WB,WB Wood I to Airport,place-wimnl | place-aport,Between Stations,BLWB-12,Active Restriction,2023-04-08,,25 mph,Track,2500.0,0.4734848484848485,0.037939491064491,12.48,0.0034707876300018,136.42,Multi-Segment,End,380,,0,0,0,0,0,0
2024-05-30,564973,NB,Red Line,Red Line - Braintree,RL Alewife-Braintree NB,NB Central Station,place-cntsq,Station,RBNB-27,Active Restriction,2023-07-28,,25 mph,Track,200.9999999999991,0.0380681818181816,0.0008029567985273497,47.41,0.0002790513254521452,136.42,Multi-Segment,End,307,,0,0,0,0,0,0
2024-03-10,000050L,NB,Orange Line,Orange Line,OL NB,NB Community College,place-ccmnl,Station,OLNB-29,Active Restriction,2023-10-26,,25 mph,Track,58.9999999999975,0.0111742424242419,0.0004957516603479126,22.54,8.191058806803952e-05,136.42,Multi-Segment,End,136,,0,0,0,0,0,0
2024-05-25,000127R,NB,Red Line,Red Line - Braintree,RL Alewife-Braintree NB,NB Braintree to Quincy Adams,place-brntn | place-qamnl,Between Stations,RBNB-02,Active Restriction,2024-02-21,,10 mph,Track,500.0,0.0946969696969697,0.001997404971461,47.41,0.0006941575260003644,136.42,Single Segment,Start|End,94,,1,0,0,0,0,1
2024-09-11,000073L,NB,Orange Line,Orange Line,OL NB,NB Downtown Cross. to State St.,place-dwnxg | place-state,Between Stations,OLNB-22,Active Restriction,2024-08-27,,10 mph,,100.0,0.0189393939393939,0.0008402570514371758,22.54,0.00013883150520007287,136.42,Single Segment,Start|End,15,,1,0,0,0,0,1
2024-02-13,528761,WB,Green Line,Green Line - B,GL Kenmore-Boston Col. WB,WB Blandford St to BU East,place-bland | place-buest,Between Stations,GBWB-04,Active Restriction,2023-03-30,,6 mph,Track,219.0000000000001,0.0414772727272727,0.0007682399097475968,53.99,0.00030404099638815975,136.42,Multi-Segment,Start,320,,1,0,0,0,0,1
2024-07-30,567259,SB,Red Line,Red Line - Braintree,RL Alewife-Braintree SB,SB Charles to Park,place-chmnl | place-pktrm,Between Stations,RBSB-14,Active Restriction,2023-08-03,,10 mph,Track,500.0,0.0946969696969697,0.001997404971461,47.41,0.0006941575260003644,136.42,Single Segment,Start|End,362,,1,0,0,0,0,1
2024-02-23,571150,SB,Orange Line,Orange Line,OL SB,SB Sullivan Station,place-sull,Station,OLSB-09,Active Restriction,2023-08-23,,10 mph,Track,400.0,0.0757575757575757,0.0033610282057487,22.54,0.0005553260208002915,136.42,Single Segment,Start|End,184,,1,0,0,0,0,1
2024-04-09,000062L,NB,Orange Line,Orange Line,OL NB,NB Comm. College to Sullivan,place-ccmnl | place-sull,Between Stations,OLNB-30,Active Restriction,2024-03-01,,25 mph,Track,549.0000000000009,0.1039772727272729,0.0046130112123901,22.54,0.0007621849635484014,136.42,Multi-Segment,End,39,,0,0,0,0,0,0
2024-01-01,541773,NB,Orange Line,Orange Line,OL NB,NB Green St. to Stony Brook,place-grnst | place-sbmnl,Between Stations,OLNB-04,Active Restriction,2023-05-11,,25 mph,Track,100.0,0.0189393939393939,0.0008402570514371758,22.54,0.00013883150520007287,136.42,Single Segment,Start|End,235,,1,1,0,0,0,1
2024-08-22,526496,NB,Red Line,Red Line - Braintree,RL Alewife-Braintree NB,NB Braintree to Quincy Adams,place-brntn | place-qamnl,Between Stations,RBNB-02,Active Restriction,2023-03-20,,25 mph,Track,200.0,0.0378787878787878,0.0007989619885844312,47.41,0.00027766301040014574,136.42,Single Segment,Start|End,521,,1,0,0,0,0,1
2024-05-15,555806,SB,Red Line,Red Line - Braintree,RL Alewife-Braintree SB,SB Central to Kendall,place-cntsq | place-knncl,Between Stations,RBSB-10,Active Restriction,2023-07-11,,25 mph,Track,1100.0,0.2083333333333333,0.0043942909372143,47.41,0.0015271465572008,136.42,Single Segment,Start|End,309,,1,0,0,0,0,1
2024-02-20,516965,WB,Green Line,Green Line Trunk,GL Kenmore-College Ave WB,WB Haymarket to Govt Center,place-haecl | place-gover,Between Stations,GAWB-18,Active Restriction,2023-02-13,,5 mph,Track,500.0,0.0946969696969697,0.001753972396684,53.99,0.0006941575260003644,136.42,Single Segment,Start|End,372,,1,0,0,0,0,1
2024-09-19,524008,NB,Red Line,Red Line - Braintree,RL Alewife-Braintree NB,NB Braintree to Quincy Adams,place-brntn | place-qamnl,Between Stations,RBNB-02,Active Restriction,2023-03-09,,25 mph,Track,300.0,0.0568181818181818,0.0011984429828766,47.41,0.0004164945156002186,136.42,Single Segment,Start|End,560,,1,0,0,0,0,1
2024-03-08,523867,SB,Red Line,Red Line - Braintree,RL Alewife-Braintree SB,SB Broadway to Andrew,place-brdwy | place-andrw,Between Stations,RBSB-22,Active Restriction,2023-03-09,,25 mph,Track,300.0,0.0568181818181818,0.0011984429828766,47.41,0.0004164945156002186,136.42,Single Segment,Start|End,365,,1,0,0,0,0,1
2024-06-01,000125R,SB,Red Line,Red Line - Braintree,RL Alewife-Braintree SB,SB Wollaston to Quincy Center,place-wlsta | place-qnctr,Between Stations,RBSB-30,Active Restriction,2024-02-14,,10 mph,Track,600.0,0.1136363636363636,0.0023968859657532,47.41,0.0008329890312004372,136.42,Single Segment,Start|End,108,,1,1,0,0,0,1
2024-03-29,541215,EB,Blue Line,Blue Line,BL EB,EB Wood I to Orient Heights,place-wimnl | place-orhte,Between Stations,BLEB-14,Active Restriction,2023-05-09,,10 mph,Track,1400.0,0.2651515151515151,0.0212461149961149,12.48,0.001943641072801,136.42,Multi-Segment,End,325,,0,0,0,0,0,0
2024-07-17,565480,SB,Red Line,Red Line - Braintree,RL Alewife-Braintree SB,SB JFK Station (Braintree),place-jfk,Station,RBSB-25,Active Restriction,2023-08-01,,10 mph,Track,87.00000000000045,0.0164772727272728,0.00034754846503422937,47.41,0.00012078340952406402,136.42,Multi-Segment,End,351,,0,0,0,0,0,0
2024-05-09,000053L,SB,Orange Line,Orange Line,OL SB,SB Haymarket to State St.,place-haecl | place-state,Between Stations,OLSB-16,Active Restriction,2023-11-28,,10 mph,Track,900.0,0.1704545454545454,0.0075623134629345,22.54,0.0012494835468006,136.42,Single Segment,Start|End,163,,1,0,0,0,0,1
2024-07-29,550504,WB,Green Line,Green Line - B,GL Kenmore-Boston Col. WB,WB Allston St to Warren St,place-alsgr | place-wrnst,Between Stations,GBWB-20,Active Restriction,2023-06-21,,10 mph,Track,323.0000000000004,0.0611742424242425,0.0011330661682578,53.99,0.0004484257617962359,136.42,Multi-Segment,End,404,,0,0,0,0,0,0
2024-02-29,541215,EB,Blue Line,Blue Line,BL EB,EB Airport to Wood I,place-aport | place-wimnl,Between Stations,BLEB-12,Active Restriction,2023-05-09,,10 mph,Track,99.00000000000092,0.0187500000000001,0.0015024038461538,12.48,0.0001374431901480734,136.42,Multi-Segment,Start,296,,1,0,0,0,1,1
2024-09-26,568578,NB,Orange Line,Orange Line,OL NB,NB Stony Brook to Jackson Sq.,place-sbmnl | place-jaksn,Between Stations,OLNB-06,Active Restriction,2023-08-10,,25 mph,Track,600.0,0.1136363636363636,0.005041542308623,22.54,0.0008329890312004372,136.42,Single Segment,Start|End,413,,1,0,0,0,0,1
2024-10-12,526502,NB,Orange Line,Orange Line,OL NB,NB Malden to Oak Grove,place-mlmnl | place-ogmnl,Between Stations,OLNB-38,Active Restriction,2023-03-20,,25 mph,Track,400.0,0.0757575757575757,0.0033610282057487,22.54,0.0005553260208002915,136.42,Single Segment,Start|End,572,,1,0,0,0,0,1
2024-10-31,526515,SB,Orange Line,Orange Line,OL SB,SB Assembly to Sullivan,place-astao | place-sull,Between Stations,OLSB-08,Active Restriction,2023-03-20,,25 mph,Track,200.0,0.0378787878787878,0.0016805141028743,22.54,0.00027766301040014574,136.42,Single Segment,Start|End,591,,1,0,0,0,1,1
2024-08-25,000047L,SB,Orange Line,Orange Line,OL SB,SB Ruggles to Roxbury Cross.,place-rugg | place-rcmnl,Between Stations,OLSB-30,Active Restriction,2023-10-20,,25 mph,Track,299.0000000000009,0.056628787878788,0.0025123685837971,22.54,0.00041510620054821914,136.42,Multi-Segment,Start,310,,1,0,0,0,0,1
2024-01-15,576232,SB,Red Line,Red Line - Braintree,RL Alewife-Braintree SB,SB Charles to Park,place-chmnl | place-pktrm,Between Stations,RBSB-14,Active Restriction,2023-09-12,,25 mph,Track,300.0,0.0568181818181818,0.0011984429828766,47.41,0.0004164945156002186,136.42,Single Segment,Start|End,125,,1,0,0,0,0,1
2024-02-04,550788,SB,Orange Line,Orange Line,OL SB,SB Sullivan to Comm. College,place-sull | place-ccmnl,Between Stations,OLSB-10,Active Restriction,2023-06-22,,10 mph,Track,700.0,0.1325757575757575,0.0058817993600602,22.54,0.00097182053640051,136.42,Single Segment,Start|End,227,,1,0,0,0,0,1
2024-07-09,550078,EB,Green Line,Green Line - B,GL Kenmore-Boston Col. EB,EB Allston St to Griggs St,place-alsgr | place-grigg,Between Stations,GBEB-16,Active Restriction,2023-06-18,,20 mph,Track,370.0000000000003,0.0700757575757576,0.0012979395735461,53.99,0.00051367656924027,136.42,Single Segment,Start|End,387,,1,0,0,0,0,1
2024-01-10,541215,EB,Blue Line,Blue Line,BL EB,EB Airport to Wood I,place-aport | place-wimnl,Between Stations,BLEB-12,Active Restriction,2023-05-09,,10 mph,Track,99.00000000000092,0.0187500000000001,0.0015024038461538,12.48,0.0001374431901480734,136.42,Multi-Segment,Start,246,,1,0,0,0,0,1
2024-08-31,000048L,NB,Orange Line,Orange Line,OL NB,NB Stony Brook to Jackson Sq.,place-sbmnl | place-jaksn,Between Stations,OLNB-06,Active Restriction,2023-10-20,,10 mph,Track,299.99999999999994,0.0568181818181818,0.0025207711543115,22.54,0.00041649451560021855,136.42,Multi-Segment,End,316,,0,0,0,0,0,0
2024-04-23,549199,NB,Red Line,Red Line - Braintree,RL Alewife-Braintree NB,NB Central to Harvard,place-cntsq | place-harsq,Between Stations,RBNB-28,Active Restriction,2023-06-13,,25 mph,Track,800.0,0.1515151515151515,0.0031958479543377,47.41,0.0011106520416005,136.42,Single Segment,Start|End,315,,1,0,0,0,0,1
2024-01-10,523896,SB,Orange Line,Orange Line,OL SB,SB Jackson Sq. to Stony Brook,place-jaksn | place-sbmnl,Between Stations,OLSB-34,Active Restriction,2023-03-09,,25 mph,Track,814.0,0.1541666666666666,0.0068396923986986,22.54,0.0011300884523285,136.42,Single Segment,Start|End,307,,1,0,0,0,0,1
2024-03-13,568589,SB,Orange Line,Orange Line,OL SB,SB North Station,place-north,Station,OLSB-13,Active Restriction,2023-08-10,,25 mph,Track,352.99999999999727,0.06685606060606,0.0029661073915732,22.54,0.0004900752133562534,136.42,Multi-Segment,End,216,,0,0,0,0,0,0
2024-05-08,548597,EB,Green Line,Green Line - B,GL Kenmore-Boston Col. EB,EB Griggs St to Harvard Ave,place-grigg | place-harvd,Between Stations,GBEB-18,Active Restriction,2023-06-08,,6 mph,Track,97.00000000000132,0.0183712121212123,0.0003402706449567025,53.99,0.0001346665600440725,136.42,Multi-Segment,End,335,,0,0,0,0,0,0
2024-09-24,526515,SB,Orange Line,Orange Line,OL SB,SB Assembly to Sullivan,place-astao | place-sull,Between Stations,OLSB-08,Active Restriction,2023-03-20,,25 mph,Track,200.0,0.0378787878787878,0.0016805141028743,22.54,0.00027766301040014574,136.42,Single Segment,Start|End,554,,1,0,0,0,0,1
2024-04-07,000115R,NB,Red Line,Red Line - Braintree,RL Alewife-Braintree NB,NB Andrew to Broadway,place-andrw | place-brdwy,Between Stations,RBNB-14,Active Restriction,2024-01-23,,25 mph,Track,499.0000000000009,0.0945075757575759,0.0019934101615181,47.41,0.0006927692109483649,136.42,Multi-Segment,Start,75,,1,0,0,0,0,1
2024-06-29,543720,SB,Red Line,Red Line - Braintree,RL Alewife-Braintree SB,SB Quincy Adams to Braintree,place-qamnl | place-brntn,Between Stations,RBSB-34,Active Restriction,2023-05-23,,25 mph,Track,200.0,0.0378787878787878,0.0007989619885844312,47.41,0.00027766301040014574,136.42,Single Segment,Start|End,403,,1,0,0,0,0,1
2024-02-11,523853,NB,Red Line,Red Line - Braintree,RL Alewife-Braintree NB,NB Davis to Alewife,place-davis | place-alfcl,Between Stations,RBNB-34,Active Restriction,2023-03-09,,25 mph,Track,200.0,0.0378787878787878,0.0007989619885844312,47.41,0.00027766301040014574,136.42,Single Segment,Start|End,339,,1,0,0,0,0,1
2024-03-31,531819,EB,Blue Line,Blue Line,BL EB,EB Beachmont to Revere Beach,place-bmmnl | place-rbmnl,Between Stations,BLEB-20,Active Restriction,2023-04-05,,25 mph,Track,1700.0,0.3219696969696969,0.0257988539238539,12.48,0.0023601355884012,136.42,Single Segment,Start|End,361,,1,0,0,0,1,1
2024-06-01,550504,WB,Green Line,Green Line - B,GL Kenmore-Boston Col. WB,WB Allston St Station,place-alsgr,Station,GBWB-19,Active Restriction,2023-06-21,,10 mph,Track,176.5999999999991,0.0334469696969695,0.0006195030505087892,53.99,0.00024517643818332746,136.42,Multi-Segment,Start,346,,1,1,0,0,0,1
2024-01-10,550537,WB,Green Line,Green Line Trunk,GL Kenmore-College Ave WB,WB Copley to Hynes,place-coecl | place-hymnl,Between Stations,GAWB-28,Active Restriction,2023-06-21,,6 mph,Track,400.0,0.0757575757575757,0.0014031779173472,53.99,0.0005553260208002915,136.42,Single Segment,Start|End,203,,1,0,0,0,0,1
2024-02-27,000108R,NB,Red Line,Red Line - Braintree,RL Alewife-Braintree NB,NB Charles to Kendall,place-chmnl | place-knncl,Between Stations,RBNB-24,Active Restriction,2023-10-19,,10 mph,Track,500.0,0.0946969696969697,0.001997404971461,47.41,0.0006941575260003644,136.42,Multi-Segment,End,131,,0,0,0,0,0,0
2024-07-14,541778,NB,Orange Line,Orange Line,OL NB,NB Wellington to Malden,place-welln | place-mlmnl,Between Stations,OLNB-36,Active Restriction,2023-05-11,,25 mph,Track,900.0,0.1704545454545454,0.0075623134629345,22.54,0.0012494835468006,136.42,Single Segment,Start|End,430,,1,0,0,0,0,1
2024-03-29,000023B,WB,Blue Line,Blue Line,BL WB,WB Airport Station,place-aport,Station,BLWB-13,Active Restriction,2024-02-15,,10 mph,Track,120.99999999999795,0.0229166666666662,0.0018362713675213,12.48,0.00016798612129208533,136.42,Multi-Segment,End,43,,0,0,0,0,0,0
2024-05-30,552291,SB,Red Line,Red Line - Braintree,RL Alewife-Braintree SB,SB Quincy Adams to Braintree,place-qamnl | place-brntn,Between Stations,RBSB-34,Active Restriction,2023-06-28,,10 mph,Track,600.0,0.1136363636363636,0.0023968859657532,47.41,0.0008329890312004372,136.42,Single Segment,Start|End,337,,1,0,0,0,0,1
2024-02-07,540439,SB,Red Line,Red Line - Braintree,RL Alewife-Braintree SB,SB JFK to North Quincy,place-jfk | place-nqncy,Between Stations,RBSB-26,Active Restriction,2023-05-05,,25 mph,Track,1000.0,0.1893939393939394,0.0039948099429221,47.41,0.0013883150520007,136.42,Single Segment,Start|End,278,,1,0,0,0,0,1
